{"val_loss": [7.1647796630859375, 6.482979774475098, 5.449390411376953, 4.484207630157471, 3.460629940032959, 2.5466670989990234, 1.9107283353805542, 1.5759234428405762, 1.3078503608703613, 1.1143953800201416, 0.955187201499939, 0.8253701329231262, 0.716661274433136, 0.620235025882721, 0.5407179594039917, 0.4698549211025238, 0.41517969965934753, 0.3663767874240875, 0.33414924144744873, 0.3072424829006195, 0.2889823913574219, 0.27453047037124634, 0.2590736746788025, 0.2379637360572815, 0.21519382297992706], "loss": [6.897077560424805, 6.055192947387695, 5.165786504745483, 4.272235155105591, 3.446787714958191, 2.756158471107483, 2.225331425666809, 1.8214091062545776, 1.502845823764801, 1.262279212474823, 1.0748517513275146, 0.9227632284164429, 0.7961980998516083, 0.6893470287322998, 0.5958179235458374, 0.5170038491487503, 0.4511902183294296, 0.4020750820636749, 0.36272507905960083, 0.33443696796894073, 0.3113403022289276, 0.29223738610744476, 0.27530330419540405, 0.2564395070075989, 0.23449664562940598]}